black,chrysanthemum/jasmine/oolong
chai,states/misspoken/fact
raise,ticket/steps/specific
ticket,raise/steps/specific
flavors,extracts/syrups/anad
holidays,list/year/here
list,holidays/here/year
make,people/go/packs
best,pairs/teas/commonly
kind,brown/cooked/sugar
sugar,brown/kind/cooked
milk,extract/or/add
jelly,something/for/lighter
from,itself/every/made
popular,'s/typically/had
cheese,sort/bit/add
caffeine,contains/regardless/plant
bubble,known/also/as
green,black/chrysanthemum/jasmine
starbucks,like/lot/peets
add,bit/cheese/decadence
fruit,teas/best/made
cream,cheese/sort/goes
boba,options/jumbo/known
test,answer/this/drink
homemade,chrysanthemum/oolong/jasmine
tea,with/as/jelly
benefits,
give,
first,
sustainable,
better,
laptop,
bubble-tea,
sizes,
want,
recommend,
examples,
lychee,
health,
tea-leaves,
question,
eat,
NetApp HR Bot,
steaming,
sugary,
located,
replacement,
peets-coffee,
main-types,
test_bot,
heating,
four,
straw,
undefined,
cafe,
heavy,
